{
    "Bias": 394.44327647240425,
    "SDEP": 1713.679911407965,
    "MSE": 3092284.3371174955,
    "RMSE": 1758.4892200742931,
    "r2": -5.164599270259135,
    "Pearson_r": 0.3928003613029445,
    "Pearson_p": 5.893462026082816e-200
}