{
    "Bias": 437.264696658465,
    "SDEP": 1737.8811119767624,
    "MSE": 3211431.1743094074,
    "RMSE": 1792.046644010531,
    "r2": -9.647484600672845,
    "Pearson_r": 0.3680224331663524,
    "Pearson_p": 6.352661009327612e-174
}