{
    "Bias": 294.51253492665376,
    "SDEP": 1571.1813518472563,
    "MSE": 2555348.4736214955,
    "RMSE": 1598.5457371065413,
    "r2": -2.53530356291922,
    "Pearson_r": 0.5453819322845193,
    "Pearson_p": 0.0
}