{
    "Bias": 323.0701783784803,
    "SDEP": 1559.8434787779602,
    "MSE": 2537486.0184436315,
    "RMSE": 1592.9488436367415,
    "r2": -2.3601703128403093,
    "Pearson_r": 0.5360329899412521,
    "Pearson_p": 0.0
}